session_stem,date_raw,date_source,period,seq,in_marsad,seq_ok,in_bounds,date_flag,final_date,suggested_date,window_lo,window_hi
2010-01-12__11,2010-01-12,filename_or_banner,2009-2010,11,,yes,yes,ok,2010-01-12,,,2010-01-19
2010-01-19__12,2010-01-19,filename_or_banner,2009-2010,12,,yes,yes,ok,2010-01-19,,2010-01-12,2010-02-04
2010-02-04__13,2010-02-04,filename_or_banner,2009-2010,13,,yes,yes,ok,2010-02-04,,2010-01-19,2010-02-09
2010-02-09__14,2010-02-09,filename_or_banner,2009-2010,14,,yes,yes,ok,2010-02-09,,2010-02-04,2010-02-16
2010-02-16__15,2010-02-16,filename_or_banner,2009-2010,15,,yes,yes,ok,2010-02-16,,2010-02-09,2010-03-02
2010-03-01__79,2010-03-01,banner_recovered,2009-2010,79,,no,yes,soft:seq_break,2010-03-01,,2010-07-20,
2010-03-02__16,2010-03-02,filename_or_banner,2009-2010,16,,yes,yes,ok,2010-03-02,,2010-02-16,2010-03-18
2010-03-18__17,2010-03-18,filename_or_banner,2009-2010,17,,yes,yes,ok,2010-03-18,,2010-03-02,2010-03-18
2010-03-18__18,2010-03-18,filename_or_banner,2009-2010,18,,yes,yes,ok,2010-03-18,,2010-03-18,2010-03-29
2010-03-29__19,2010-03-29,filename_or_banner,2009-2010,19,,yes,yes,ok,2010-03-29,,2010-03-18,2010-04-05
2010-04-05__20,2010-04-05,filename_or_banner,2009-2010,20,,yes,yes,ok,2010-04-05,,2010-03-29,2010-04-13
2010-04-13__21,2010-04-13,filename_or_banner,2009-2010,21,,yes,yes,ok,2010-04-13,,2010-04-05,2010-04-29
2010-04-29__22,2010-04-29,filename_or_banner,2009-2010,22,,yes,yes,ok,2010-04-29,,2010-04-13,2010-05-04
2010-05-04__23,2010-05-04,filename,2009-2010,23,,yes,yes,ok,2010-05-04,,2010-04-29,2010-05-11
2010-05-11__24,2010-05-11,filename_or_banner,2009-2010,24,,yes,yes,ok,2010-05-11,,2010-05-04,2010-05-27
2010-05-27__25,2010-05-27,filename_or_banner,2009-2010,25,,yes,yes,ok,2010-05-27,,2010-05-11,2010-06-03
2010-06-03__26,2010-06-03,filename_or_banner,2009-2010,26,,yes,yes,ok,2010-06-03,,2010-05-27,2010-06-15
2010-06-15__27,2010-06-15,filename_or_banner,2009-2010,27,,yes,yes,ok,2010-06-15,,2010-06-03,2010-07-05
2010-07-05__28,2010-07-05,filename,2009-2010,28,,yes,yes,ok,2010-07-05,,2010-06-15,2010-07-07
2010-07-07__29,2010-07-07,filename_or_banner,2009-2010,29,,yes,yes,ok,2010-07-07,,2010-07-05,2010-07-20
2010-07-20__30,2010-07-20,filename_or_banner,2009-2010,30,,yes,yes,ok,2010-07-20,,2010-07-07,
2010-10-12__1,2010-10-12,filename_or_banner,2010-2011,1,,yes,yes,ok,2010-10-12,,,2010-10-12
2010-10-12__2,2010-10-12,filename_or_banner,2010-2011,2,,yes,yes,ok,2010-10-12,,2010-10-12,2010-10-19
2010-10-19__3,2010-10-19,filename_or_banner,2010-2011,3,,yes,yes,ok,2010-10-19,,2010-10-12,2011-01-17
2011-01-17__28,2011-01-17,banner_recovered,2010-2011,28,,yes,yes,ok,2011-01-17,,2010-10-19,2011-06-11
2011-06-11__102,2011-06-11,banner_recovered,2010-2011,102,,yes,yes,ok,2011-06-11,,2011-01-17,
2011-11-19__seg040,2011-11-19,banner_or_carried_forward,2011-2012,40,,no,yes,soft:seq_break,2011-11-19,,2012-02-28,
2012-02-01__seg000,2012-02-01,banner_or_carried_forward,2011-2012,0,,yes,yes,ok,2012-02-01,,,2012-02-03
2012-02-03__seg001,2012-02-03,banner_or_carried_forward,2011-2012,1,,yes,yes,ok,2012-02-03,,2012-02-01,2012-02-28
2012-02-28__seg002,2012-02-28,banner_or_carried_forward,2011-2012,2,,yes,yes,ok,2012-02-28,,2012-02-03,
2012-10-23__seg003,2012-10-23,banner_or_carried_forward,2012-2013,3,,yes,yes,ok,2012-10-23,,,2012-10-24
2012-10-24__seg004,2012-10-24,banner_or_carried_forward,2012-2013,4,,yes,yes,ok,2012-10-24,,2012-10-23,2013-01-18
2013-01-18__seg005,2013-01-18,banner_or_carried_forward,2012-2013,5,,yes,yes,ok,2013-01-18,,2012-10-24,2013-01-21
2013-01-21__seg006,2013-01-21,banner_or_carried_forward,2012-2013,6,,yes,yes,ok,2013-01-21,,2013-01-18,2013-01-23
2013-01-23__seg007,2013-01-23,banner_or_carried_forward,2012-2013,7,,yes,yes,ok,2013-01-23,,2013-01-21,2013-01-29
2013-01-29__seg008,2013-01-29,banner_or_carried_forward,2012-2013,8,,yes,yes,ok,2013-01-29,,2013-01-23,2013-01-31
2013-01-31__seg009,2013-01-31,banner_or_carried_forward,2012-2013,9,,yes,yes,ok,2013-01-31,,2013-01-29,2013-02-01
2013-02-01__seg010,2013-02-01,banner_or_carried_forward,2012-2013,10,,yes,yes,ok,2013-02-01,,2013-01-31,2013-02-04
2013-02-04__seg011,2013-02-04,banner_or_carried_forward,2012-2013,11,,yes,yes,ok,2013-02-04,,2013-02-01,2013-02-05
2013-02-05__seg012,2013-02-05,banner_or_carried_forward,2012-2013,12,,yes,yes,ok,2013-02-05,,2013-02-04,2013-02-11
2013-02-11__seg013,2013-02-11,banner_or_carried_forward,2012-2013,13,,yes,yes,ok,2013-02-11,,2013-02-05,2013-02-12
2013-02-12__seg014,2013-02-12,banner_or_carried_forward,2012-2013,14,,yes,yes,ok,2013-02-12,,2013-02-11,2013-02-18
2013-02-18__seg015,2013-02-18,banner_or_carried_forward,2012-2013,15,,yes,yes,ok,2013-02-18,,2013-02-12,2013-02-19
2013-02-19__seg016,2013-02-19,banner_or_carried_forward,2012-2013,16,,yes,yes,ok,2013-02-19,,2013-02-18,2013-02-21
2013-02-21__seg017,2013-02-21,banner_or_carried_forward,2012-2013,17,,yes,yes,ok,2013-02-21,,2013-02-19,2013-02-22
2013-02-22__seg018,2013-02-22,banner_or_carried_forward,2012-2013,18,,yes,yes,ok,2013-02-22,,2013-02-21,2013-02-25
2013-02-25__seg019,2013-02-25,banner_or_carried_forward,2012-2013,19,,yes,yes,ok,2013-02-25,,2013-02-22,2013-07-01
2013-07-01__seg020,2013-07-01,banner_or_carried_forward,2012-2013,20,,yes,yes,ok,2013-07-01,,2013-02-25,2013-07-02
2013-07-02__seg021,2013-07-02,banner_or_carried_forward,2012-2013,21,,yes,yes,ok,2013-07-02,,2013-07-01,2013-07-04
2013-07-04__seg022,2013-07-04,banner_or_carried_forward,2012-2013,22,,yes,yes,ok,2013-07-04,,2013-07-02,2013-07-06
2013-07-06__seg023,2013-07-06,banner_or_carried_forward,2012-2013,23,,yes,yes,ok,2013-07-06,,2013-07-04,2013-07-08
2013-07-08__seg024,2013-07-08,banner_or_carried_forward,2012-2013,24,,yes,yes,ok,2013-07-08,,2013-07-06,2013-07-11
2013-07-11__seg025,2013-07-11,banner_or_carried_forward,2012-2013,25,,yes,yes,ok,2013-07-11,,2013-07-08,2013-07-12
2013-07-12__seg026,2013-07-12,banner_or_carried_forward,2012-2013,26,,yes,yes,ok,2013-07-12,,2013-07-11,2013-07-15
2013-07-15__seg027,2013-07-15,banner_or_carried_forward,2012-2013,27,,yes,yes,ok,2013-07-15,,2013-07-12,
2014-01-01__seg041,2014-01-01,banner_or_carried_forward,2013-2014,41,,no,yes,soft:seq_break,2014-01-01,,2014-01-16,2014-01-21
2014-01-03__seg028,2014-01-03,banner_or_carried_forward,2013-2014,28,,yes,yes,ok,2014-01-03,,,2014-01-04
2014-01-04__seg029,2014-01-04,banner_or_carried_forward,2013-2014,29,,yes,yes,ok,2014-01-04,,2014-01-03,2014-01-06
2014-01-06__seg030,2014-01-06,banner_or_carried_forward,2013-2014,30,,yes,yes,ok,2014-01-06,,2014-01-04,2014-01-06
2014-01-06__seg031,2014-01-06,banner_or_carried_forward,2013-2014,31,,yes,yes,ok,2014-01-06,,2014-01-06,2014-01-06
2014-01-06__seg032,2014-01-06,banner_or_carried_forward,2013-2014,32,,yes,yes,ok,2014-01-06,,2014-01-06,2014-01-09
2014-01-09__seg033,2014-01-09,banner_or_carried_forward,2013-2014,33,,yes,yes,ok,2014-01-09,,2014-01-06,2014-01-10
2014-01-10__seg034,2014-01-10,banner_or_carried_forward,2013-2014,34,,yes,yes,ok,2014-01-10,,2014-01-09,2014-01-10
2014-01-10__seg035,2014-01-10,banner_or_carried_forward,2013-2014,35,,yes,yes,ok,2014-01-10,,2014-01-10,2014-01-12
2014-01-12__seg036,2014-01-12,banner_or_carried_forward,2013-2014,36,,yes,yes,ok,2014-01-12,,2014-01-10,2014-01-13
2014-01-13__seg037,2014-01-13,banner_or_carried_forward,2013-2014,37,,yes,yes,ok,2014-01-13,,2014-01-12,2014-01-14
2014-01-14__seg038,2014-01-14,banner_or_carried_forward,2013-2014,38,,yes,yes,ok,2014-01-14,,2014-01-13,2014-01-16
2014-01-16__seg039,2014-01-16,banner_or_carried_forward,2013-2014,39,,yes,yes,ok,2014-01-16,,2014-01-14,2014-01-21
2014-01-21__seg042,2014-01-21,banner_or_carried_forward,2013-2014,42,,yes,yes,ok,2014-01-21,,2014-01-16,2014-01-23
2014-01-23__seg043,2014-01-23,banner_or_carried_forward,2013-2014,43,,yes,yes,ok,2014-01-23,,2014-01-21,2014-01-23
2014-01-23__seg044,2014-01-23,banner_or_carried_forward,2013-2014,44,,yes,yes,ok,2014-01-23,,2014-01-23,2014-01-26
2014-01-26__seg045,2014-01-26,banner_or_carried_forward,2013-2014,45,,yes,yes,ok,2014-01-26,,2014-01-23,2014-01-27
2014-01-27__seg046,2014-01-27,banner_or_carried_forward,2013-2014,46,,yes,yes,ok,2014-01-27,,2014-01-26,2014-01-27
2014-01-27__seg047,2014-01-27,banner_or_carried_forward,2013-2014,47,,yes,yes,ok,2014-01-27,,2014-01-27,
2014-11-20__seg048,2014-11-20,banner_or_carried_forward,2014-2015,48,,yes,yes,ok,2014-11-20,,,2014-11-20
2014-11-20__seg049,2014-11-20,banner_or_carried_forward,2014-2015,49,,yes,yes,ok,2014-11-20,,2014-11-20,
2014-12-02__N01,2014-12-02,multiday_first_day_min,2014-2015,,,,yes,ok_unverifiable,2014-12-02,,,
2014-12-09__02,2014-12-09,filename,2014-2015,2,,yes,yes,ok,2014-12-09,,,2014-12-10
2014-12-10__03,2014-12-10,filename_or_banner,2014-2015,3,,yes,yes,ok,2014-12-10,,2014-12-09,2014-12-30
2014-12-30__04,2014-12-30,filename_or_banner,2014-2015,4,,yes,yes,ok,2014-12-30,,2014-12-10,2014-12-31
2014-12-31__05,2014-12-31,filename_or_banner,2014-2015,5,,yes,yes,ok,2014-12-31,,2014-12-30,2015-01-20
2015-01-20__06,2015-01-20,filename_or_banner,2014-2015,6,,yes,yes,ok,2015-01-20,,2014-12-31,2015-01-21
2015-01-21__07,2015-01-21,filename,2014-2015,7,,yes,yes,ok,2015-01-21,,2015-01-20,2015-01-22
2015-01-22__08,2015-01-22,filename,2014-2015,8,,yes,yes,ok,2015-01-22,,2015-01-21,2015-01-23
2015-01-23__09,2015-01-23,filename_or_banner,2014-2015,9,,yes,yes,ok,2015-01-23,,2015-01-22,2015-01-24
2015-01-24__10,2015-01-24,filename,2014-2015,10,,yes,yes,ok,2015-01-24,,2015-01-23,2015-01-26
2015-01-26__11,2015-01-26,filename,2014-2015,11,,yes,yes,ok,2015-01-26,,2015-01-24,2015-02-04
2015-02-04__12,2015-02-04,filename,2014-2015,12,,yes,yes,ok,2015-02-04,,2015-01-26,2015-02-05
2015-02-05__13,2015-02-05,filename_or_banner,2014-2015,13,,yes,yes,ok,2015-02-05,,2015-02-04,2015-02-20
2015-02-20__14,2015-02-20,filename_or_banner,2014-2015,14,,yes,yes,ok,2015-02-20,,2015-02-05,2015-02-27
2015-02-27__15,2015-02-27,filename_or_banner,2014-2015,15,,yes,yes,ok,2015-02-27,,2015-02-20,2015-03-04
2015-03-04__16,2015-03-04,filename_or_banner,2014-2015,16,,yes,yes,ok,2015-03-04,,2015-02-27,2015-03-05
2015-03-05__17,2015-03-05,filename_or_banner,2014-2015,17,,yes,yes,ok,2015-03-05,,2015-03-04,2015-03-06
2015-03-06__18,2015-03-06,filename_or_banner,2014-2015,18,,yes,yes,ok,2015-03-06,,2015-03-05,2015-03-18
2015-03-18__19,2015-03-18,filename_or_banner,2014-2015,19,,yes,yes,ok,2015-03-18,,2015-03-06,2015-04-01
2015-04-01__20,2015-04-01,filename_or_banner,2014-2015,20,,yes,yes,ok,2015-04-01,,2015-03-18,2015-04-03
2015-04-03__21,2015-04-03,filename_or_banner,2014-2015,21,,yes,yes,ok,2015-04-03,,2015-04-01,2015-04-08
2015-04-08__22,2015-04-08,filename_or_banner,2014-2015,22,,yes,yes,ok,2015-04-08,,2015-04-03,2015-04-14
2015-04-14__23,2015-04-14,filename_or_banner,2014-2015,23,,yes,yes,ok,2015-04-14,,2015-04-08,2015-04-15
2015-04-15__24,2015-04-15,filename_or_banner,2014-2015,24,,yes,yes,ok,2015-04-15,,2015-04-14,2015-05-05
2015-05-05__25,2015-05-05,filename_or_banner,2014-2015,25,,yes,yes,ok,2015-05-05,,2015-04-15,2015-05-12
2015-05-12__26,2015-05-12,filename_or_banner,2014-2015,26,,yes,yes,ok,2015-05-12,,2015-05-05,2015-05-15
2015-05-13__N27,2015-05-13,multiday_first_day_min,2014-2015,,,,yes,ok_unverifiable,2015-05-13,,,
2015-05-15__28,2015-05-15,filename_or_banner,2014-2015,28,,yes,yes,ok,2015-05-15,,2015-05-12,2015-05-18
2015-05-18__29,2015-05-18,filename_or_banner,2014-2015,29,,yes,yes,ok,2015-05-18,,2015-05-15,2015-05-19
2015-05-19__30,2015-05-19,filename_or_banner,2014-2015,30,,yes,yes,ok,2015-05-19,,2015-05-18,2015-05-31
2015-05-31__31,2015-05-31,filename_or_banner,2014-2015,31,,yes,yes,ok,2015-05-31,,2015-05-19,2015-06-05
2015-06-05__32,2015-06-05,filename_or_banner,2014-2015,32,,yes,yes,ok,2015-06-05,,2015-05-31,2015-06-10
2015-06-10__33,2015-06-10,filename_or_banner,2014-2015,33,,yes,yes,ok,2015-06-10,,2015-06-05,2015-06-23
2015-06-23__34,2015-06-23,filename_or_banner,2014-2015,34,,yes,yes,ok,2015-06-23,,2015-06-10,2015-06-30
2015-06-30__35,2015-06-30,filename_or_banner,2014-2015,35,,yes,yes,ok,2015-06-30,,2015-06-23,2015-07-07
2015-07-07__36,2015-07-07,filename_or_banner,2014-2015,36,,yes,yes,ok,2015-07-07,,2015-06-30,2015-07-08
2015-07-08__37,2015-07-08,filename_or_banner,2014-2015,37,,yes,yes,ok,2015-07-08,,2015-07-07,2015-07-22
2015-07-22__39,2015-07-22,filename_or_banner,2014-2015,39,,yes,yes,ok,2015-07-22,,2015-07-08,2015-07-23
2015-07-23__40,2015-07-23,filename_or_banner,2014-2015,40,,yes,yes,ok,2015-07-23,,2015-07-22,2015-07-24
2015-07-24__41,2015-07-24,filename_or_banner,2014-2015,41,,yes,yes,ok,2015-07-24,,2015-07-23,
2015-08-03__01,2015-08-03,filename_or_banner,2014-2015,1,,yes,yes,ok,2015-08-03,,,2015-08-04
2015-08-04__02,2015-08-04,filename_or_banner,2014-2015,2,,yes,yes,ok,2015-08-04,,2015-08-03,2015-08-05
2015-08-05__03,2015-08-05,filename_or_banner,2014-2015,3,,yes,yes,ok,2015-08-05,,2015-08-04,2015-08-06
2015-08-06__04,2015-08-06,filename_or_banner,2014-2015,4,,yes,yes,ok,2015-08-06,,2015-08-05,2015-08-27
2015-08-27__05,2015-08-27,filename_or_banner,2014-2015,5,,yes,yes,ok,2015-08-27,,2015-08-06,2015-08-28
2015-08-28__06,2015-08-28,filename_or_banner,2014-2015,6,,yes,yes,ok,2015-08-28,,2015-08-27,
2015-09-01__07,2015-09-01,filename_or_banner,2015-2016,7,,yes,yes,ok,2015-09-01,,,2015-09-08
2015-09-08__08,2015-09-08,filename_or_banner,2015-2016,8,,yes,yes,ok,2015-09-08,,2015-09-01,2015-09-09
2015-09-09__09,2015-09-09,filename_or_banner,2015-2016,9,,yes,yes,ok,2015-09-09,,2015-09-08,
2015-10-01__10,2015-10-01,filename_or_banner,2015-2016,10,,no,yes,soft:seq_break,2015-10-01,,2015-11-19,2015-11-26
2015-10-20__01,2015-10-20,filename_or_banner,2015-2016,1,,yes,yes,ok,2015-10-20,,,2015-11-10
2015-11-10__02,2015-11-10,filename_or_banner,2015-2016,2,,yes,yes,ok,2015-11-10,,2015-10-20,2015-11-11
2015-11-11__03,2015-11-11,filename,2015-2016,3,,yes,yes,ok,2015-11-11,,2015-11-10,2015-11-12
2015-11-12__04,2015-11-12,filename_or_banner,2015-2016,4,,yes,yes,ok,2015-11-12,,2015-11-11,2015-11-13
2015-11-13__05,2015-11-13,filename_or_banner,2015-2016,5,,yes,yes,ok,2015-11-13,,2015-11-12,2015-11-14
2015-11-14__06,2015-11-14,filename_or_banner,2015-2016,6,,yes,yes,ok,2015-11-14,,2015-11-13,2015-11-16
2015-11-16__07,2015-11-16,filename_or_banner,2015-2016,7,,yes,yes,ok,2015-11-16,,2015-11-14,2015-11-18
2015-11-18__08,2015-11-18,filename_or_banner,2015-2016,8,,yes,yes,ok,2015-11-18,,2015-11-16,2015-11-19
2015-11-19__09,2015-11-19,filename_or_banner,2015-2016,9,,yes,yes,ok,2015-11-19,,2015-11-18,2015-11-20
2015-11-20__10,2015-11-20,filename_or_banner,2015-2016,10,,yes,yes,ok,2015-11-20,,2015-11-19,2015-11-26
2015-11-26__11,2015-11-26,filename_or_banner,2015-2016,11,,yes,yes,ok,2015-11-26,,2015-11-20,2015-11-27
2015-11-27__12,2015-11-27,filename_or_banner,2015-2016,12,,yes,yes,ok,2015-11-27,,2015-11-26,2015-11-28
2015-11-28__13,2015-11-28,filename_or_banner,2015-2016,13,,yes,yes,ok,2015-11-28,,2015-11-27,2015-11-29
2015-11-29__14,2015-11-29,filename_or_banner,2015-2016,14,,yes,yes,ok,2015-11-29,,2015-11-28,2015-11-30
2015-11-30__15,2015-11-30,filename_or_banner,2015-2016,15,,yes,yes,ok,2015-11-30,,2015-11-29,2015-12-01
2015-12-01__16,2015-12-01,filename_or_banner,2015-2016,16,,yes,yes,ok,2015-12-01,,2015-11-30,2015-12-02
2015-12-02__17,2015-12-02,filename,2015-2016,17,,yes,yes,ok,2015-12-02,,2015-12-01,2015-12-03
2015-12-03__18,2015-12-03,filename_or_banner,2015-2016,18,,yes,yes,ok,2015-12-03,,2015-12-02,2015-12-04
2015-12-04__19,2015-12-04,filename_or_banner,2015-2016,19,,yes,yes,ok,2015-12-04,,2015-12-03,2015-12-05
2015-12-05__20,2015-12-05,filename,2015-2016,20,,yes,yes,ok,2015-12-05,,2015-12-04,2015-12-06
2015-12-06__21,2015-12-06,filename_or_banner,2015-2016,21,,yes,yes,ok,2015-12-06,,2015-12-05,2015-12-07
2015-12-07__22,2015-12-07,filename_or_banner,2015-2016,22,,yes,yes,ok,2015-12-07,,2015-12-06,2015-12-08
2015-12-08__23,2015-12-08,filename_or_banner,2015-2016,23,,yes,yes,ok,2015-12-08,,2015-12-07,2015-12-09
2015-12-09__24,2015-12-09,filename_or_banner,2015-2016,24,,yes,yes,ok,2015-12-09,,2015-12-08,2015-12-10
2015-12-10__25,2015-12-10,filename_or_banner,2015-2016,25,,yes,yes,ok,2015-12-10,,2015-12-09,2015-12-11
2015-12-11__26,2015-12-11,filename_or_banner,2015-2016,26,,yes,yes,ok,2015-12-11,,2015-12-10,2016-01-19
2016-01-19__27,2016-01-19,filename_or_banner,2015-2016,27,,yes,yes,ok,2016-01-19,,2015-12-11,2016-01-26
2016-01-26__28,2016-01-26,filename_or_banner,2015-2016,28,,yes,yes,ok,2016-01-26,,2016-01-19,2016-01-27
2016-01-27__29,2016-01-27,filename_or_banner,2015-2016,29,,yes,yes,ok,2016-01-27,,2016-01-26,2016-01-28
2016-01-28__30,2016-01-28,filename_or_banner,2015-2016,30,,yes,yes,ok,2016-01-28,,2016-01-27,2016-02-02
2016-02-02__31,2016-02-02,filename_or_banner,2015-2016,31,,yes,yes,ok,2016-02-02,,2016-01-28,2016-02-08
2016-02-08__32,2016-02-08,filename_or_banner,2015-2016,32,,yes,yes,ok,2016-02-08,,2016-02-02,2016-02-09
2016-02-09__33,2016-02-09,filename_or_banner,2015-2016,33,,yes,yes,ok,2016-02-09,,2016-02-08,2016-02-16
2016-02-16__34,2016-02-16,filename_or_banner,2015-2016,34,,yes,yes,ok,2016-02-16,,2016-02-09,2016-02-16
2016-02-16__35,2016-02-16,filename_or_banner,2015-2016,35,,yes,yes,ok,2016-02-16,,2016-02-16,2016-03-01
2016-03-01__36,2016-03-01,filename,2015-2016,36,,yes,yes,ok,2016-03-01,,2016-02-16,2016-03-08
2016-03-08__37,2016-03-08,filename_or_banner,2015-2016,37,,yes,yes,ok,2016-03-08,,2016-03-01,2016-03-09
2016-03-09__38,2016-03-09,filename_or_banner,2015-2016,38,,yes,yes,ok,2016-03-09,,2016-03-08,2016-03-11
2016-03-11__39,2016-03-11,filename_or_banner,2015-2016,39,,yes,yes,ok,2016-03-11,,2016-03-09,2016-03-12
2016-03-12__40,2016-03-12,filename_or_banner,2015-2016,40,,yes,yes,ok,2016-03-12,,2016-03-11,2016-03-22
2016-03-22__41,2016-03-22,filename_or_banner,2015-2016,41,,yes,yes,ok,2016-03-22,,2016-03-12,2016-03-23
2016-03-23__42,2016-03-23,filename_or_banner,2015-2016,42,,yes,yes,ok,2016-03-23,,2016-03-22,2016-03-28
2016-03-28__43,2016-03-28,filename_or_banner,2015-2016,43,,yes,yes,ok,2016-03-28,,2016-03-23,2016-04-05
2016-03-29__N44,2016-03-29,multiday_first_day_min,2015-2016,,,,yes,ok_unverifiable,2016-03-29,,,
2016-03-30__48,2016-03-30,banner_recovered,2015-2016,48,,no,yes,soft:seq_break,2016-03-30,,2016-04-09,2016-04-12
2016-04-05__45,2016-04-05,filename_or_banner,2015-2016,45,,yes,yes,ok,2016-04-05,,2016-03-28,2016-04-08
2016-04-08__46,2016-04-08,filename_or_banner,2015-2016,46,,yes,yes,ok,2016-04-08,,2016-04-05,2016-04-09
2016-04-09__47,2016-04-09,filename_or_banner,2015-2016,47,,yes,yes,ok,2016-04-09,,2016-04-08,2016-04-11
2016-04-11__48,2016-04-11,filename_or_banner,2015-2016,48,,yes,yes,ok,2016-04-11,,2016-04-09,2016-04-12
2016-04-12__49,2016-04-12,filename_or_banner,2015-2016,49,,yes,yes,ok,2016-04-12,,2016-04-11,2016-04-13
2016-04-13__50,2016-04-13,filename_or_banner,2015-2016,50,,yes,yes,ok,2016-04-13,,2016-04-12,2016-04-14
2016-04-14__51,2016-04-14,filename_or_banner,2015-2016,51,,yes,yes,ok,2016-04-14,,2016-04-13,2016-04-15
2016-04-15__52,2016-04-15,filename_or_banner,2015-2016,52,,yes,yes,ok,2016-04-15,,2016-04-14,2016-04-16
2016-04-16__53,2016-04-16,filename_or_banner,2015-2016,53,,yes,yes,ok,2016-04-16,,2016-04-15,2016-04-26
2016-04-18__49,2016-04-18,banner_recovered,2015-2016,49,,no,yes,soft:seq_break,2016-04-18,,2016-04-11,2016-04-13
2016-04-26__54,2016-04-26,filename,2015-2016,54,,yes,yes,ok,2016-04-26,,2016-04-16,2016-05-03
2016-05-03__55,2016-05-03,filename_or_banner,2015-2016,55,,yes,yes,ok,2016-05-03,,2016-04-26,2016-05-10
2016-05-10__56,2016-05-10,filename_or_banner,2015-2016,56,,yes,yes,ok,2016-05-10,,2016-05-03,2016-05-11
2016-05-11__06,2016-05-11,banner_recovered,2015-2016,6,,no,yes,soft:seq_break,2016-05-11,,2015-11-13,2015-11-16
2016-05-11__57,2016-05-11,filename_or_banner,2015-2016,57,,yes,yes,ok,2016-05-11,,2016-05-10,2016-05-12
2016-05-12__58,2016-05-12,filename_or_banner,2015-2016,58,,yes,yes,ok,2016-05-12,,2016-05-11,2016-05-24
2016-05-24__59,2016-05-24,filename_or_banner,2015-2016,59,,yes,yes,ok,2016-05-24,,2016-05-12,2016-05-31
2016-05-31__60,2016-05-31,filename_or_banner,2015-2016,60,,yes,yes,ok,2016-05-31,,2016-05-24,2016-06-01
2016-06-01__61,2016-06-01,filename_or_banner,2015-2016,61,,yes,yes,ok,2016-06-01,,2016-05-31,2016-06-02
2016-06-02__62,2016-06-02,filename_or_banner,2015-2016,62,,yes,yes,ok,2016-06-02,,2016-06-01,2016-06-07
2016-06-07__63,2016-06-07,filename_or_banner,2015-2016,63,,yes,yes,ok,2016-06-07,,2016-06-02,2016-06-08
2016-06-08__64,2016-06-08,filename_or_banner,2015-2016,64,,yes,yes,ok,2016-06-08,,2016-06-07,2016-06-09
2016-06-09__65,2016-06-09,filename_or_banner,2015-2016,65,,yes,yes,ok,2016-06-09,,2016-06-08,2016-06-10
2016-06-10__66,2016-06-10,filename,2015-2016,66,,yes,yes,ok,2016-06-10,,2016-06-09,2016-06-14
2016-06-14__67,2016-06-14,filename_or_banner,2015-2016,67,,yes,yes,ok,2016-06-14,,2016-06-10,2016-06-15
2016-06-15__68,2016-06-15,filename_or_banner,2015-2016,68,,yes,yes,ok,2016-06-15,,2016-06-14,2016-06-21
2016-06-21__25,2016-06-21,filename_or_banner,2015-2016,25,,no,yes,soft:seq_break,2016-06-21,,2015-12-09,2015-12-11
2016-06-21__69,2016-06-21,filename_or_banner,2015-2016,69,,yes,yes,ok,2016-06-21,,2016-06-15,2016-06-22
2016-06-22__70,2016-06-22,filename_or_banner,2015-2016,70,,yes,yes,ok,2016-06-22,,2016-06-21,2016-06-23
2016-06-23__71,2016-06-23,filename_or_banner,2015-2016,71,,yes,yes,ok,2016-06-23,,2016-06-22,2016-07-12
2016-07-12__72,2016-07-12,filename,2015-2016,72,,yes,yes,ok,2016-07-12,,2016-06-23,
2016-08-26__No_vote_de_confiance_au_gouvernement,2016-08-26,filename_or_banner,2015-2016,,,,yes,ok_unverifiable,2016-08-26,,,
2016-09-16__01,2016-09-16,filename_or_banner,2016-2017,1,,yes,yes,ok,2016-09-16,,,2016-09-17
2016-09-17__02,2016-09-17,filename_or_banner,2016-2017,2,,yes,yes,ok,2016-09-17,,2016-09-16,2016-09-19
2016-09-19__03,2016-09-19,filename_or_banner,2016-2017,3,,yes,yes,ok,2016-09-19,,2016-09-17,
2016-10-17__01,2016-10-17,banner_recovered,2016-2017,1,,yes,yes,ok,2016-10-17,,,2016-11-01
2016-11-01__02,2016-11-01,banner_recovered,2016-2017,2,,yes,yes,ok,2016-11-01,,2016-10-17,2016-11-24
2016-11-24__9,2016-11-24,banner_recovered,2016-2017,9,,yes,yes,ok,2016-11-24,,2016-11-01,2016-11-25
2016-11-25__10,2016-11-25,filename_or_banner,2016-2017,10,,yes,yes,ok,2016-11-25,,2016-11-24,2016-11-26
2016-11-26__11,2016-11-26,filename_or_banner,2016-2017,11,,yes,yes,ok,2016-11-26,,2016-11-25,2016-11-28
2016-11-28__12,2016-11-28,banner_recovered,2016-2017,12,,yes,yes,ok,2016-11-28,,2016-11-26,2016-11-29
2016-11-29__13,2016-11-29,filename_or_banner,2016-2017,13,,yes,yes,ok,2016-11-29,,2016-11-28,2016-11-30
2016-11-29__48,2016-11-29,banner_recovered,2016-2017,48,,no,yes,soft:seq_break,2016-11-29,,2017-04-12,2017-04-19
2016-11-30__14,2016-11-30,banner_recovered,2016-2017,14,,yes,yes,ok,2016-11-30,,2016-11-29,2016-12-01
2016-12-01__15,2016-12-01,banner_recovered,2016-2017,15,,yes,yes,ok,2016-12-01,,2016-11-30,2016-12-02
2016-12-02__16,2016-12-02,banner_recovered,2016-2017,16,,yes,yes,ok,2016-12-02,,2016-12-01,2016-12-03
2016-12-03__17,2016-12-03,filename_or_banner,2016-2017,17,,yes,yes,ok,2016-12-03,,2016-12-02,2016-12-05
2016-12-05__18,2016-12-05,filename_or_banner,2016-2017,18,,yes,yes,ok,2016-12-05,,2016-12-03,2016-12-07
2016-12-07__19,2016-12-07,filename_or_banner,2016-2017,19,,yes,yes,ok,2016-12-07,,2016-12-05,2016-12-09
2016-12-09__21,2016-12-09,filename_or_banner,2016-2017,21,,yes,yes,ok,2016-12-09,,2016-12-07,2016-12-10
2016-12-10__22,2016-12-10,filename_or_banner,2016-2017,22,,yes,yes,ok,2016-12-10,,2016-12-09,2016-12-23
2016-12-23__23,2016-12-23,filename_or_banner,2016-2017,23,,yes,yes,ok,2016-12-23,,2016-12-10,2016-12-27
2016-12-27__24,2016-12-27,filename_or_banner,2016-2017,24,,yes,yes,ok,2016-12-27,,2016-12-23,2017-01-17
2016-2017__03,,session_range,2016-2017,3,,,,conflict:no_date,,,2016-11-01,2016-11-24
2016-2017__04,,session_range,2016-2017,4,,,,conflict:no_date,,,2016-11-01,2016-11-24
2016-2017__05,,session_range,2016-2017,5,,,,conflict:no_date,,,2016-11-01,2016-11-24
2016-2017__20,,session_range,2016-2017,20,,,,conflict:no_date,,,2016-12-07,2016-12-09
2016-2017__7,,session_range,2016-2017,7,,,,conflict:no_date,,,2016-11-01,2016-11-24
2016-2017__75,,session_range,2016-2017,75,,,,conflict:no_date,,,2017-07-27,2017-07-27
2016-2017__8,,session_range,2016-2017,8,,,,conflict:no_date,,,2016-11-01,2016-11-24
2017-01-17__26,2017-01-17,filename_or_banner,2016-2017,26,,yes,yes,ok,2017-01-17,,2016-12-27,2017-01-18
2017-01-18__27,2017-01-18,filename_or_banner,2016-2017,27,,yes,yes,ok,2017-01-18,,2017-01-17,2017-01-31
2017-01-31__29,2017-01-31,filename_or_banner,2016-2017,29,,yes,yes,ok,2017-01-31,,2017-01-18,2017-02-01
2017-02-01__30,2017-02-01,filename_or_banner,2016-2017,30,,yes,yes,ok,2017-02-01,,2017-01-31,2017-02-07
2017-02-07__31,2017-02-07,filename_or_banner,2016-2017,31,,yes,yes,ok,2017-02-07,,2017-02-01,2017-02-21
2017-02-21__32,2017-02-21,filename_or_banner,2016-2017,32,,yes,yes,ok,2017-02-21,,2017-02-07,2017-02-22
2017-02-22__33,2017-02-22,banner_recovered,2016-2017,33,,yes,yes,ok,2017-02-22,,2017-02-21,2017-02-28
2017-02-28__34,2017-02-28,filename_or_banner,2016-2017,34,,yes,yes,ok,2017-02-28,,2017-02-22,2017-03-01
2017-03-01__35,2017-03-01,filename_or_banner,2016-2017,35,,yes,yes,ok,2017-03-01,,2017-02-28,2017-03-03
2017-03-03__36,2017-03-03,filename_or_banner,2016-2017,36,,yes,yes,ok,2017-03-03,,2017-03-01,2017-03-07
2017-03-07__37,2017-03-07,filename_or_banner,2016-2017,37,,yes,yes,ok,2017-03-07,,2017-03-03,2017-03-08
2017-03-08__38,2017-03-08,filename_or_banner,2016-2017,38,,yes,yes,ok,2017-03-08,,2017-03-07,2017-03-14
2017-03-14__39,2017-03-14,filename_or_banner,2016-2017,39,,yes,yes,ok,2017-03-14,,2017-03-08,2017-03-16
2017-03-16__41,2017-03-16,filename_or_banner,2016-2017,41,,yes,yes,ok,2017-03-16,,2017-03-14,2017-03-28
2017-03-28__42,2017-03-28,banner_recovered,2016-2017,42,,yes,yes,ok,2017-03-28,,2017-03-16,2017-03-29
2017-03-29__43,2017-03-29,filename_or_banner,2016-2017,43,,yes,yes,ok,2017-03-29,,2017-03-28,2017-04-04
2017-04-04__44,2017-04-04,filename_or_banner,2016-2017,44,,yes,yes,ok,2017-04-04,,2017-03-29,2017-04-12
2017-04-12__47,2017-04-12,filename_or_banner,2016-2017,47,,yes,yes,ok,2017-04-12,,2017-04-04,2017-04-19
2017-04-19__50,2017-04-19,filename_or_banner,2016-2017,50,,yes,yes,ok,2017-04-19,,2017-04-12,2017-04-25
2017-04-25__51,2017-04-25,filename_or_banner,2016-2017,51,,yes,yes,ok,2017-04-25,,2017-04-19,2017-05-16
2017-05-16__53,2017-05-16,filename_or_banner,2016-2017,53,,yes,yes,ok,2017-05-16,,2017-04-25,2017-05-20
2017-05-20__54,2017-05-20,filename_or_banner,2016-2017,54,,yes,yes,ok,2017-05-20,,2017-05-16,2017-05-23
2017-05-23__55,2017-05-23,filename_or_banner,2016-2017,55,,yes,yes,ok,2017-05-23,,2017-05-20,2017-05-30
2017-05-30__56,2017-05-30,banner_recovered,2016-2017,56,,yes,yes,ok,2017-05-30,,2017-05-23,2017-06-06
2017-06-06__57,2017-06-06,filename_or_banner,2016-2017,57,,yes,yes,ok,2017-06-06,,2017-05-30,2017-06-13
2017-06-13__58,2017-06-13,filename_or_banner,2016-2017,58,,yes,yes,ok,2017-06-13,,2017-06-06,2017-06-20
2017-06-20__59,2017-06-20,filename_or_banner,2016-2017,59,,yes,yes,ok,2017-06-20,,2017-06-13,2017-07-04
2017-07-04__60,2017-07-04,filename_or_banner,2016-2017,60,,yes,yes,ok,2017-07-04,,2017-06-20,2017-07-05
2017-07-05__61,2017-07-05,filename_or_banner,2016-2017,61,,yes,yes,ok,2017-07-05,,2017-07-04,2017-07-06
2017-07-06__62,2017-07-06,filename_or_banner,2016-2017,62,,yes,yes,ok,2017-07-06,,2017-07-05,2017-07-08
2017-07-08__63,2017-07-08,filename_or_banner,2016-2017,63,,yes,yes,ok,2017-07-08,,2017-07-06,2017-07-11
2017-07-10__76,2017-07-10,filename_or_banner,2016-2017,76,,no,yes,soft:seq_break,2017-07-10,,2017-07-27,2017-07-27
2017-07-11__64,2017-07-11,banner_recovered,2016-2017,64,,yes,yes,ok,2017-07-11,,2017-07-08,2017-07-15
2017-07-15__65,2017-07-15,filename_or_banner,2016-2017,65,,yes,yes,ok,2017-07-15,,2017-07-11,2017-07-17
2017-07-17__66,2017-07-17,banner_recovered,2016-2017,66,,yes,yes,ok,2017-07-17,,2017-07-15,2017-07-18
2017-07-18__67,2017-07-18,banner_recovered,2016-2017,67,,yes,yes,ok,2017-07-18,,2017-07-17,2017-07-19
2017-07-19__68,2017-07-19,filename_or_banner,2016-2017,68,,yes,yes,ok,2017-07-19,,2017-07-18,2017-07-20
2017-07-20__69,2017-07-20,filename_or_banner,2016-2017,69,,yes,yes,ok,2017-07-20,,2017-07-19,2017-07-21
2017-07-21__70,2017-07-21,filename_or_banner,2016-2017,70,,yes,yes,ok,2017-07-21,,2017-07-20,2017-07-22
2017-07-22__71,2017-07-22,filename_or_banner,2016-2017,71,,yes,yes,ok,2017-07-22,,2017-07-21,2017-07-24
2017-07-24__72,2017-07-24,banner_recovered,2016-2017,72,,yes,yes,ok,2017-07-24,,2017-07-22,2017-07-26
2017-07-26__73,2017-07-26,filename_or_banner,2016-2017,73,,yes,yes,ok,2017-07-26,,2017-07-24,2017-07-27
2017-07-27__74,2017-07-27,filename_or_banner,2016-2017,74,,yes,yes,ok,2017-07-27,,2017-07-26,2017-07-27
2017-07-27__95,2017-07-27,filename_or_banner,2016-2017,95,,yes,yes,ok,2017-07-27,,2017-07-27,
2017-09-11__01,2017-09-11,filename,2017-2018,1,,yes,yes,ok,2017-09-11,,,2017-09-12
2017-09-12__02,2017-09-12,filename_or_banner,2017-2018,2,,yes,yes,ok,2017-09-12,,2017-09-11,2017-09-20
2017-09-20__03,2017-09-20,filename_or_banner,2017-2018,3,,yes,yes,ok,2017-09-20,,2017-09-12,2017-09-26
2017-09-26__04,2017-09-26,filename_or_banner,2017-2018,4,,yes,yes,ok,2017-09-26,,2017-09-20,
2017-10-18__1,2017-10-18,filename_or_banner,2017-2018,1,,yes,yes,ok,2017-10-18,,,2017-10-27
2017-10-27__2,2017-10-27,filename_or_banner,2017-2018,2,,yes,yes,ok,2017-10-27,,2017-10-18,2017-10-30
2017-10-30__3,2017-10-30,banner_recovered,2017-2018,3,,yes,yes,ok,2017-10-30,,2017-10-27,2017-11-07
2017-11-07__4,2017-11-07,filename_or_banner,2017-2018,4,,yes,yes,ok,2017-11-07,,2017-10-30,2017-11-11
2017-11-11__5,2017-11-11,filename_or_banner,2017-2018,5,,yes,yes,ok,2017-11-11,,2017-11-07,2017-11-14
2017-11-14__6,2017-11-14,banner_recovered,2017-2018,6,,yes,yes,ok,2017-11-14,,2017-11-11,2017-11-21
2017-11-21__7,2017-11-21,filename_or_banner,2017-2018,7,,yes,yes,ok,2017-11-21,,2017-11-14,2017-11-22
2017-11-22__8,2017-11-22,filename_or_banner,2017-2018,8,,yes,yes,ok,2017-11-22,,2017-11-21,2017-11-23
2017-11-23__9,2017-11-23,banner_recovered,2017-2018,9,,yes,yes,ok,2017-11-23,,2017-11-22,2017-11-24
2017-11-24__10,2017-11-24,banner_recovered,2017-2018,10,,yes,yes,ok,2017-11-24,,2017-11-23,2017-11-27
2017-11-27__12,2017-11-27,banner_recovered,2017-2018,12,,yes,yes,ok,2017-11-27,,2017-11-24,2017-11-29
2017-11-29__14,2017-11-29,banner_recovered,2017-2018,14,,yes,yes,ok,2017-11-29,,2017-11-27,2017-12-04
2017-12-04__16,2017-12-04,banner_recovered,2017-2018,16,,yes,yes,ok,2017-12-04,,2017-11-29,2017-12-12
2017-12-12__22,2017-12-12,filename_or_banner,2017-2018,22,,yes,yes,ok,2017-12-12,,2017-12-04,2018-01-09
2017-2018__86,,session_range,2017-2018,86,,,,conflict:no_date,,,2018-07-06,2018-07-12
2017-2018__89,,session_range,2017-2018,89,,,,conflict:no_date,,,2018-07-12,2018-07-19
2018-01-09__25,2018-01-09,filename_or_banner,2017-2018,25,,yes,yes,ok,2018-01-09,,2017-12-12,2018-01-20
2018-01-20__29,2018-01-20,filename_or_banner,2017-2018,29,,yes,yes,ok,2018-01-20,,2018-01-09,2018-01-27
2018-01-27__31,2018-01-27,filename_or_banner,2017-2018,31,,yes,yes,ok,2018-01-27,,2018-01-20,2018-02-01
2018-02-01__33,2018-02-01,banner_recovered,2017-2018,33,,yes,yes,ok,2018-02-01,,2018-01-27,2018-02-10
2018-02-10__35,2018-02-10,filename_or_banner,2017-2018,35,,yes,yes,ok,2018-02-10,,2018-02-01,2018-02-17
2018-02-17__39,2018-02-17,filename_or_banner,2017-2018,39,,yes,yes,ok,2018-02-17,,2018-02-10,2018-02-24
2018-02-24__40,2018-02-24,filename_or_banner,2017-2018,40,,yes,yes,ok,2018-02-24,,2018-02-17,2018-03-06
2018-03-06__41,2018-03-06,filename_or_banner,2017-2018,41,,yes,yes,ok,2018-03-06,,2018-02-24,2018-03-10
2018-03-10__42,2018-03-10,banner_recovered,2017-2018,42,,yes,yes,ok,2018-03-10,,2018-03-06,2018-03-13
2018-03-13__43,2018-03-13,filename_or_banner,2017-2018,43,,yes,yes,ok,2018-03-13,,2018-03-10,2018-03-22
2018-03-22__46,2018-03-22,banner_recovered,2017-2018,46,,yes,yes,ok,2018-03-22,,2018-03-13,2018-03-23
2018-03-22__50,2018-03-22,filename_or_banner,2017-2018,50,,no,yes,soft:seq_break,2018-03-22,,2018-03-26,2018-04-10
2018-03-23__47,2018-03-23,filename_or_banner,2017-2018,47,,yes,yes,ok,2018-03-23,,2018-03-22,2018-03-24
2018-03-24__48,2018-03-24,banner_recovered,2017-2018,48,,yes,yes,ok,2018-03-24,,2018-03-23,2018-03-26
2018-03-26__49,2018-03-26,banner_recovered,2017-2018,49,,yes,yes,ok,2018-03-26,,2018-03-24,2018-04-10
2018-04-02__75,2018-04-02,filename_or_banner,2017-2018,75,,no,yes,soft:seq_break,2018-04-02,,2018-05-29,2018-06-21
2018-04-03__76,2018-04-03,filename_or_banner,2017-2018,76,,no,yes,soft:seq_break,2018-04-03,,2018-05-29,2018-06-21
2018-04-10__56,2018-04-10,banner_recovered,2017-2018,56,,yes,yes,ok,2018-04-10,,2018-03-26,2018-05-08
2018-05-08__64,2018-05-08,banner_recovered,2017-2018,64,,yes,yes,ok,2018-05-08,,2018-04-10,2018-05-15
2018-05-15__65,2018-05-15,filename_or_banner,2017-2018,65,,yes,yes,ok,2018-05-15,,2018-05-08,2018-05-16
2018-05-16__66,2018-05-16,banner_recovered,2017-2018,66,,yes,yes,ok,2018-05-16,,2018-05-15,2018-05-21
2018-05-17__49,2018-05-17,banner_recovered,2017-2018,49,,no,yes,soft:seq_break,2018-05-17,,2018-03-24,2018-04-10
2018-05-21__67,2018-05-21,banner_recovered,2017-2018,67,,yes,yes,ok,2018-05-21,,2018-05-16,2018-05-29
2018-05-29__72,2018-05-29,banner_recovered,2017-2018,72,,yes,yes,ok,2018-05-29,,2018-05-21,2018-06-21
2018-06-21__77,2018-06-21,filename_or_banner,2017-2018,77,,yes,yes,ok,2018-06-21,,2018-05-29,2018-06-25
2018-06-22__80,2018-06-22,filename_or_banner,2017-2018,80,,no,yes,soft:seq_break,2018-06-22,,2018-06-25,2018-07-02
2018-06-25__78,2018-06-25,banner_recovered,2017-2018,78,,yes,yes,ok,2018-06-25,,2018-06-21,2018-07-02
2018-07-02__81,2018-07-02,banner_recovered,2017-2018,81,,yes,yes,ok,2018-07-02,,2018-06-25,2018-07-03
2018-07-03__82,2018-07-03,banner_recovered,2017-2018,82,,yes,yes,ok,2018-07-03,,2018-07-02,2018-07-04
2018-07-04__83,2018-07-04,banner_recovered,2017-2018,83,,yes,yes,ok,2018-07-04,,2018-07-03,2018-07-06
2018-07-06__84,2018-07-06,banner_recovered,2017-2018,84,,yes,yes,ok,2018-07-06,,2018-07-04,2018-07-12
2018-07-12__87,2018-07-12,banner_recovered,2017-2018,87,,yes,yes,ok,2018-07-12,,2018-07-06,2018-07-19
2018-07-19__90,2018-07-19,banner_recovered,2017-2018,90,,yes,yes,ok,2018-07-19,,2018-07-12,2018-07-20
2018-07-20__91,2018-07-20,banner_recovered,2017-2018,91,,yes,yes,ok,2018-07-20,,2018-07-19,2018-07-23
2018-07-23__92,2018-07-23,banner_recovered,2017-2018,92,,yes,yes,ok,2018-07-23,,2018-07-20,2018-07-24
2018-07-24__93,2018-07-24,banner_recovered,2017-2018,93,,yes,yes,ok,2018-07-24,,2018-07-23,2018-07-26
2018-07-26__94,2018-07-26,banner_recovered,2017-2018,94,,yes,yes,ok,2018-07-26,,2018-07-24,2018-07-28
2018-07-28__96,2018-07-28,banner_recovered,2017-2018,96,,yes,yes,ok,2018-07-28,,2018-07-26,
2018-10-08__1,2018-10-08,filename_or_banner,2018-2019,1,,yes,yes,ok,2018-10-08,,,2018-10-10
2018-10-10__3,2018-10-10,banner_recovered,2018-2019,3,,yes,yes,ok,2018-10-10,,2018-10-08,2018-10-22
2018-10-22__6,2018-10-22,banner_recovered,2018-2019,6,,yes,yes,ok,2018-10-22,,2018-10-10,2018-10-26
2018-10-26__8,2018-10-26,filename_or_banner,2018-2019,8,,yes,yes,ok,2018-10-26,,2018-10-22,2018-10-29
2018-10-29__29,2018-10-29,filename_or_banner,2018-2019,29,,no,yes,soft:seq_break,2018-10-29,,2018-12-05,2018-12-07
2018-10-29__9,2018-10-29,banner_recovered,2018-2019,9,,yes,yes,ok,2018-10-29,,2018-10-26,2018-11-02
2018-11-02__11,2018-11-02,filename_or_banner,2018-2019,11,,yes,yes,ok,2018-11-02,,2018-10-29,2018-11-09
2018-11-09__13,2018-11-09,filename_or_banner,2018-2019,13,,yes,yes,ok,2018-11-09,,2018-11-02,2018-11-12
2018-11-12__14,2018-11-12,banner_recovered,2018-2019,14,,yes,yes,ok,2018-11-12,,2018-11-09,2018-11-19
2018-11-19__16,2018-11-19,banner_recovered,2018-2019,16,,yes,yes,ok,2018-11-19,,2018-11-12,2018-11-28
2018-11-28__21,2018-11-28,filename_or_banner,2018-2019,21,,yes,yes,ok,2018-11-28,,2018-11-19,2018-11-29
2018-11-29__22,2018-11-29,filename_or_banner,2018-2019,22,,yes,yes,ok,2018-11-29,,2018-11-28,2018-12-02
2018-12-02__25,2018-12-02,filename_or_banner,2018-2019,25,,yes,yes,ok,2018-12-02,,2018-11-29,2018-12-05
2018-12-05__28,2018-12-05,filename_or_banner,2018-2019,28,,yes,yes,ok,2018-12-05,,2018-12-02,2018-12-07
2018-12-07__30,2018-12-07,filename_or_banner,2018-2019,30,,yes,yes,ok,2018-12-07,,2018-12-05,2018-12-09
2018-12-09__32,2018-12-09,filename_or_banner,2018-2019,32,,yes,yes,ok,2018-12-09,,2018-12-07,2018-12-10
2018-12-10__33,2018-12-10,banner_recovered,2018-2019,33,,yes,yes,ok,2018-12-10,,2018-12-09,2019-01-07
2018-2019__101,,session_range,2018-2019,101,,,,conflict:no_date,,,2019-06-13,2019-06-25
2018-2019__103,,session_range,2018-2019,103,,,,conflict:no_date,,,2019-06-13,2019-06-25
2018-2019__111,,session_range,2018-2019,111,,,,conflict:no_date,,,2019-07-10,2019-07-11
2018-2019__114,,session_range,2018-2019,114,,,,conflict:no_date,,,2019-07-16,2019-07-18
2018-2019__116,,session_range,2018-2019,116,,,,conflict:no_date,,,2019-07-18,2019-07-23
2018-2019__118,,session_range,2018-2019,118,,,,conflict:no_date,,,2019-07-23,
2018-2019__40,,session_range,2018-2019,40,,,,conflict:no_date,,,2019-01-07,2019-01-11
2018-2019__85,,session_range,2018-2019,85,,,,conflict:no_date,,,2019-04-23,2019-04-28
2019-01-02__39,2019-01-02,filename_or_banner,2018-2019,39,,no,yes,soft:seq_break,2019-01-02,,2019-01-07,2019-01-11
2019-01-07__38,2019-01-07,filename_or_banner,2018-2019,38,,yes,yes,ok,2019-01-07,,2018-12-10,2019-01-11
2019-01-11__42,2019-01-11,banner_recovered,2018-2019,42,,yes,yes,ok,2019-01-11,,2019-01-07,2019-01-18
2019-01-18__45,2019-01-18,filename_or_banner,2018-2019,45,,yes,yes,ok,2019-01-18,,2019-01-11,2019-01-21
2019-01-21__46,2019-01-21,banner_recovered,2018-2019,46,,yes,yes,ok,2019-01-21,,2019-01-18,2019-01-23
2019-01-23__48,2019-01-23,banner_recovered,2018-2019,48,,yes,yes,ok,2019-01-23,,2019-01-21,2019-01-28
2019-01-28__49,2019-01-28,banner_recovered,2018-2019,49,,yes,yes,ok,2019-01-28,,2019-01-23,2019-01-31
2019-01-31__52,2019-01-31,filename_or_banner,2018-2019,52,,yes,yes,ok,2019-01-31,,2019-01-28,2019-02-04
2019-02-04__53,2019-02-04,filename_or_banner,2018-2019,53,,yes,yes,ok,2019-02-04,,2019-01-31,2019-02-05
2019-02-05__54,2019-02-05,filename_or_banner,2018-2019,54,,yes,yes,ok,2019-02-05,,2019-02-04,2019-02-08
2019-02-08__55,2019-02-08,filename_or_banner,2018-2019,55,,yes,yes,ok,2019-02-08,,2019-02-05,2019-02-11
2019-02-11__56,2019-02-11,banner_recovered,2018-2019,56,,yes,yes,ok,2019-02-11,,2019-02-08,2019-02-12
2019-02-12__57,2019-02-12,filename_or_banner,2018-2019,57,,yes,yes,ok,2019-02-12,,2019-02-11,2019-02-15
2019-02-15__59,2019-02-15,filename_or_banner,2018-2019,59,,yes,yes,ok,2019-02-15,,2019-02-12,2019-02-25
2019-02-25__64,2019-02-25,banner_recovered,2018-2019,64,,yes,yes,ok,2019-02-25,,2019-02-15,2019-02-27
2019-02-27__66,2019-02-27,banner_recovered,2018-2019,66,,yes,yes,ok,2019-02-27,,2019-02-25,2019-03-05
2019-03-01__68,2019-03-01,filename_or_banner,2018-2019,68,,no,yes,soft:seq_break,2019-03-01,,2019-03-05,2019-03-08
2019-03-05__67,2019-03-05,banner_recovered,2018-2019,67,,yes,yes,ok,2019-03-05,,2019-02-27,2019-03-08
2019-03-08__69,2019-03-08,filename_or_banner,2018-2019,69,,yes,yes,ok,2019-03-08,,2019-03-05,2019-03-12
2019-03-12__70,2019-03-12,filename_or_banner,2018-2019,70,,yes,yes,ok,2019-03-12,,2019-03-08,2019-03-25
2019-03-25__72,2019-03-25,banner_recovered,2018-2019,72,,yes,yes,ok,2019-03-25,,2019-03-12,2019-03-27
2019-03-27__74,2019-03-27,filename_or_banner,2018-2019,74,,yes,yes,ok,2019-03-27,,2019-03-25,2019-04-04
2019-04-04__77,2019-04-04,filename_or_banner,2018-2019,77,,yes,yes,ok,2019-04-04,,2019-03-27,2019-04-08
2019-04-08__78,2019-04-08,banner_recovered,2018-2019,78,,yes,yes,ok,2019-04-08,,2019-04-04,2019-04-10
2019-04-10__79,2019-04-10,filename_or_banner,2018-2019,79,,yes,yes,ok,2019-04-10,,2019-04-08,2019-04-11
2019-04-11__80,2019-04-11,filename_or_banner,2018-2019,80,,yes,yes,ok,2019-04-11,,2019-04-10,2019-04-11
2019-04-11__81,2019-04-11,filename_or_banner,2018-2019,81,,yes,yes,ok,2019-04-11,,2019-04-11,2019-04-16
2019-04-16__82,2019-04-16,filename_or_banner,2018-2019,82,,yes,yes,ok,2019-04-16,,2019-04-11,2019-04-17
2019-04-17__83,2019-04-17,filename_or_banner,2018-2019,83,,yes,yes,ok,2019-04-17,,2019-04-16,2019-04-23
2019-04-23__84,2019-04-23,filename_or_banner,2018-2019,84,,yes,yes,ok,2019-04-23,,2019-04-17,2019-04-28
2019-04-28__86,2019-04-28,filename_or_banner,2018-2019,86,,yes,yes,ok,2019-04-28,,2019-04-23,2019-04-30
2019-04-30__87,2019-04-30,filename_or_banner,2018-2019,87,,yes,yes,ok,2019-04-30,,2019-04-28,2019-05-03
2019-05-03__88,2019-05-03,filename_or_banner,2018-2019,88,,yes,yes,ok,2019-05-03,,2019-04-30,2019-05-20
2019-05-20__90,2019-05-20,filename_or_banner,2018-2019,90,,yes,yes,ok,2019-05-20,,2019-05-03,2019-05-21
2019-05-21__91,2019-05-21,filename_or_banner,2018-2019,91,,yes,yes,ok,2019-05-21,,2019-05-20,2019-05-22
2019-05-21__94,2019-05-21,filename_or_banner,2018-2019,94,,no,yes,soft:seq_break,2019-05-21,,2019-05-23,2019-05-29
2019-05-22__92,2019-05-22,filename_or_banner,2018-2019,92,,yes,yes,ok,2019-05-22,,2019-05-21,2019-05-23
2019-05-23__93,2019-05-23,filename_or_banner,2018-2019,93,,yes,yes,ok,2019-05-23,,2019-05-22,2019-05-29
2019-05-29__95,2019-05-29,filename_or_banner,2018-2019,95,,yes,yes,ok,2019-05-29,,2019-05-23,2019-05-30
2019-05-30__96,2019-05-30,filename_or_banner,2018-2019,96,,yes,yes,ok,2019-05-30,,2019-05-29,2019-06-11
2019-06-11__97,2019-06-11,filename_or_banner,2018-2019,97,,yes,yes,ok,2019-06-11,,2019-05-30,2019-06-12
2019-06-12__100,2019-06-12,filename_or_banner,2018-2019,100,,no,yes,soft:seq_break,2019-06-12,,2019-06-13,2019-06-25
2019-06-12__98,2019-06-12,filename_or_banner,2018-2019,98,,yes,yes,ok,2019-06-12,,2019-06-11,2019-06-13
2019-06-13__99,2019-06-13,filename_or_banner,2018-2019,99,,yes,yes,ok,2019-06-13,,2019-06-12,2019-06-25
2019-06-22__105,2019-06-22,filename_or_banner,2018-2019,105,,no,yes,soft:seq_break,2019-06-22,,2019-06-25,2019-07-01
2019-06-25__104,2019-06-25,filename_or_banner,2018-2019,104,,yes,yes,ok,2019-06-25,,2019-06-13,2019-07-01
2019-07-01__106,2019-07-01,filename_or_banner,2018-2019,106,,yes,yes,ok,2019-07-01,,2019-06-25,2019-07-02
2019-07-02__107,2019-07-02,filename_or_banner,2018-2019,107,,yes,yes,ok,2019-07-02,,2019-07-01,2019-07-03
2019-07-03__108,2019-07-03,filename_or_banner,2018-2019,108,,yes,yes,ok,2019-07-03,,2019-07-02,2019-07-09
2019-07-09__109,2019-07-09,filename_or_banner,2018-2019,109,,yes,yes,ok,2019-07-09,,2019-07-03,2019-07-10
2019-07-10__110,2019-07-10,filename_or_banner,2018-2019,110,,yes,yes,ok,2019-07-10,,2019-07-09,2019-07-11
2019-07-11__112,2019-07-11,filename_or_banner,2018-2019,112,,yes,yes,ok,2019-07-11,,2019-07-10,2019-07-16
2019-07-16__113,2019-07-16,banner_recovered,2018-2019,113,,yes,yes,ok,2019-07-16,,2019-07-11,2019-07-18
2019-07-18__115,2019-07-18,filename_or_banner,2018-2019,115,,yes,yes,ok,2019-07-18,,2019-07-16,2019-07-23
2019-07-23__117,2019-07-23,filename_or_banner,2018-2019,117,,yes,yes,ok,2019-07-23,,2019-07-18,
2019-08-22__01_Revision_de_la_loi_electorale,2019-08-22,filename_or_banner,2018-2019,1,,yes,yes,ok,2019-08-22,,,
2019-10-23__02_Le_Serment_constitutionnel_de_Said,2019-10-23,filename_or_banner,2019-2020,2,,yes,yes,ok,2019-10-23,,,2020-01-22
2019-12-13__34,2019-12-13,filename_or_banner,2019-2020,34,,no,yes,soft:seq_break,2019-12-13,,2020-01-22,2020-02-24
2020-01-22__8,2020-01-22,filename_or_banner,2019-2020,8,,yes,yes,ok,2020-01-22,,2019-10-23,2020-02-24
2020-02-24__47,2020-02-24,filename_or_banner,2019-2020,47,,yes,yes,ok,2020-02-24,,2020-01-22,
2020-09-22__11,2020-09-22,filename_or_banner,2020-2021,11,,no,yes,soft:seq_break,2020-09-22,,2020-09-24,
2020-09-24__1,2020-09-24,filename_or_banner,2020-2021,1,,yes,yes,ok,2020-09-24,,,
2020-10-08__2,2020-10-08,filename_or_banner,2020-2021,2,,yes,yes,ok,2020-10-08,,,2020-10-20
2020-10-20__3,2020-10-20,banner_recovered,2020-2021,3,,yes,yes,ok,2020-10-20,,2020-10-08,2020-11-05
2020-10-21__45,2020-10-21,filename_or_banner,2020-2021,45,,no,yes,soft:seq_break,2020-10-21,,2021-03-22,
2020-11-05__6,2020-11-05,banner_recovered,2020-2021,6,,yes,yes,ok,2020-11-05,,2020-10-20,2020-11-12
2020-11-11__40,2020-11-11,filename_or_banner,2020-2021,40,,no,yes,soft:seq_break,2020-11-11,,2021-03-01,2021-03-04
2020-11-12__9,2020-11-12,banner_recovered,2020-2021,9,,yes,yes,ok,2020-11-12,,2020-11-05,2020-11-14
2020-11-14__10,2020-11-14,filename_or_banner,2020-2021,10,,yes,yes,ok,2020-11-14,,2020-11-12,2020-11-28
2020-11-28__12,2020-11-28,banner_recovered,2020-2021,12,,yes,yes,ok,2020-11-28,,2020-11-14,2020-11-29
2020-11-29__13,2020-11-29,filename_or_banner,2020-2021,13,,yes,yes,ok,2020-11-29,,2020-11-28,2020-11-30
2020-11-30__14,2020-11-30,banner_recovered,2020-2021,14,,yes,yes,ok,2020-11-30,,2020-11-29,2020-12-02
2020-12-02__16,2020-12-02,banner_recovered,2020-2021,16,,yes,yes,ok,2020-12-02,,2020-11-30,2020-12-04
2020-12-04__18,2020-12-04,filename_or_banner,2020-2021,18,,yes,yes,ok,2020-12-04,,2020-12-02,2020-12-07
2020-12-07__21,2020-12-07,filename_or_banner,2020-2021,21,,yes,yes,ok,2020-12-07,,2020-12-04,2020-12-08
2020-12-08__22,2020-12-08,filename_or_banner,2020-2021,22,,yes,yes,ok,2020-12-08,,2020-12-07,2020-12-09
2020-12-09__23,2020-12-09,filename_or_banner,2020-2021,23,,yes,yes,ok,2020-12-09,,2020-12-08,2020-12-15
2020-12-15__24,2020-12-15,filename_or_banner,2020-2021,24,,yes,yes,ok,2020-12-15,,2020-12-09,2021-01-05
2021-01-05__25,2021-01-05,filename_or_banner,2020-2021,25,,yes,yes,ok,2021-01-05,,2020-12-15,2021-02-01
2021-01-19__31,2021-01-19,filename_or_banner,2020-2021,31,,no,yes,soft:seq_break,2021-01-19,,2021-02-01,2021-02-16
2021-01-22__30,2021-01-22,filename_or_banner,2020-2021,30,,no,yes,soft:seq_break,2021-01-22,,2021-02-01,2021-02-16
2021-02-01__28,2021-02-01,filename_or_banner,2020-2021,28,,yes,yes,ok,2021-02-01,,2021-01-05,2021-02-16
2021-02-16__33,2021-02-16,banner_recovered,2020-2021,33,,yes,yes,ok,2021-02-16,,2021-02-01,2021-02-19
2021-02-19__34,2021-02-19,filename_or_banner,2020-2021,34,,yes,yes,ok,2021-02-19,,2021-02-16,2021-03-01
2021-03-01__37,2021-03-01,filename_or_banner,2020-2021,37,,yes,yes,ok,2021-03-01,,2021-02-19,2021-03-04
2021-03-04__41,2021-03-04,filename_or_banner,2020-2021,41,,yes,yes,ok,2021-03-04,,2021-03-01,2021-03-22
2021-03-18__46,2021-03-18,banner_recovered,2020-2021,46,,no,yes,soft:seq_break,2021-03-18,,2021-03-22,
2021-03-22__42,2021-03-22,banner_recovered,2020-2021,42,,yes,yes,ok,2021-03-22,,2021-03-04,
2023-03-31__01,2023-03-31,filename_or_banner,2022-2023,1,,yes,yes,ok,2023-03-31,,,2023-04-11
2023-04-11__02,2023-04-11,filename_or_banner,2022-2023,2,,yes,yes,ok,2023-04-11,,2023-03-31,2023-04-12
2023-04-12__03,2023-04-12,filename_or_banner,2022-2023,3,,yes,yes,ok,2023-04-12,,2023-04-11,2023-04-13
2023-04-13__04,2023-04-13,filename_or_banner,2022-2023,4,,yes,yes,ok,2023-04-13,,2023-04-12,2023-04-14
2023-04-14__05,2023-04-14,filename_or_banner,2022-2023,5,,yes,yes,ok,2023-04-14,,2023-04-13,2023-04-25
2023-04-25__06,2023-04-25,filename_or_banner,2022-2023,6,,yes,yes,ok,2023-04-25,,2023-04-14,2023-04-26
2023-04-26__07,2023-04-26,filename_or_banner,2022-2023,7,,yes,yes,ok,2023-04-26,,2023-04-25,2023-04-27
2023-04-27__08,2023-04-27,filename_or_banner,2022-2023,8,,yes,yes,ok,2023-04-27,,2023-04-26,2023-04-29
2023-04-29__09,2023-04-29,filename_or_banner,2022-2023,9,,yes,yes,ok,2023-04-29,,2023-04-27,2023-05-11
2023-05-11__10,2023-05-11,manual_multiday_first_day,2022-2023,10,,yes,yes,ok,2023-05-11,,2023-04-29,2023-05-23
2023-05-23__11,2023-05-23,filename_or_banner,2022-2023,11,,yes,yes,ok,2023-05-23,,2023-05-11,2023-06-01
2023-06-01__12,2023-06-01,filename_or_banner,2022-2023,12,,yes,yes,ok,2023-06-01,,2023-05-23,2023-07-05
2023-07-05__13,2023-07-05,filename_or_banner,2022-2023,13,,yes,yes,ok,2023-07-05,,2023-06-01,2023-07-11
2023-07-11__14,2023-07-11,filename_or_banner,2022-2023,14,,yes,yes,ok,2023-07-11,,2023-07-05,2023-07-17
2023-07-17__15,2023-07-17,filename_or_banner,2022-2023,15,,yes,yes,ok,2023-07-17,,2023-07-11,2023-07-21
2023-07-21__16,2023-07-21,filename_or_banner,2022-2023,16,,yes,yes,ok,2023-07-21,,2023-07-17,2023-07-24
2023-07-24__17,2023-07-24,filename_or_banner,2022-2023,17,,yes,yes,ok,2023-07-24,,2023-07-21,2023-07-26
2023-07-26__18,2023-07-26,filename_or_banner,2022-2023,18,,yes,yes,ok,2023-07-26,,2023-07-24,2023-07-28
2023-07-28__19,2023-07-28,filename_or_banner,2022-2023,19,,yes,yes,ok,2023-07-28,,2023-07-26,2023-07-29
2023-07-29__20,2023-07-29,filename_or_banner,2022-2023,20,,yes,yes,ok,2023-07-29,,2023-07-28,2023-07-31
2023-07-31__21,2023-07-31,filename_or_banner,2022-2023,21,,yes,yes,ok,2023-07-31,,2023-07-29,
2023-10-03__01,2023-10-03,filename_or_banner,2023-2024,1,,yes,yes,ok,2023-10-03,,,2023-10-17
2023-10-17__02,2023-10-17,filename_or_banner,2023-2024,2,,yes,yes,ok,2023-10-17,,2023-10-03,2023-10-17
2023-10-17__03,2023-10-17,filename_or_banner,2023-2024,3,,yes,yes,ok,2023-10-17,,2023-10-17,2023-10-23
2023-10-23__04,2023-10-23,filename_or_banner,2023-2024,4,,yes,yes,ok,2023-10-23,,2023-10-17,2023-10-31
2023-10-31__05,2023-10-31,filename_or_banner,2023-2024,5,,yes,yes,ok,2023-10-31,,2023-10-23,2023-11-02
2023-11-02__06,2023-11-02,filename_or_banner,2023-2024,6,,yes,yes,ok,2023-11-02,,2023-10-31,2023-11-18
2023-11-17__N07,2023-11-17,multiday_first_day_min,2023-2024,,,,yes,ok_unverifiable,2023-11-17,,,
2023-11-18__08,2023-11-18,filename_or_banner,2023-2024,8,,yes,yes,ok,2023-11-18,,2023-11-02,2023-11-18
2023-11-18__09,2023-11-18,filename_or_banner,2023-2024,9,,yes,yes,ok,2023-11-18,,2023-11-18,2023-11-21
2023-11-21__10,2023-11-21,filename_or_banner,2023-2024,10,,yes,yes,ok,2023-11-21,,2023-11-18,2023-11-23
2023-11-23__11,2023-11-23,filename_or_banner,2023-2024,11,,yes,yes,ok,2023-11-23,,2023-11-21,2023-11-23
2023-11-23__12,2023-11-23,filename_or_banner,2023-2024,12,,yes,yes,ok,2023-11-23,,2023-11-23,2023-11-24
2023-11-24__13,2023-11-24,filename_or_banner,2023-2024,13,,yes,yes,ok,2023-11-24,,2023-11-23,2023-11-25
2023-11-25__14,2023-11-25,filename_or_banner,2023-2024,14,,yes,yes,ok,2023-11-25,,2023-11-24,2023-11-27
2023-11-27__15,2023-11-27,filename_or_banner,2023-2024,15,,yes,yes,ok,2023-11-27,,2023-11-25,2023-11-28
2023-11-28__16,2023-11-28,filename_or_banner,2023-2024,16,,yes,yes,ok,2023-11-28,,2023-11-27,2023-11-29
2023-11-29__17,2023-11-29,filename_or_banner,2023-2024,17,,yes,yes,ok,2023-11-29,,2023-11-28,2023-11-30
2023-11-30__18,2023-11-30,filename_or_banner,2023-2024,18,,yes,yes,ok,2023-11-30,,2023-11-29,2023-12-01
2023-12-01__19,2023-12-01,filename_or_banner,2023-2024,19,,yes,yes,ok,2023-12-01,,2023-11-30,2023-12-02
2023-12-02__20,2023-12-02,filename_or_banner,2023-2024,20,,yes,yes,ok,2023-12-02,,2023-12-01,2023-12-04
2023-12-04__21,2023-12-04,filename,2023-2024,21,,yes,yes,ok,2023-12-04,,2023-12-02,2023-12-05
2023-12-05__22,2023-12-05,filename_or_banner,2023-2024,22,,yes,yes,ok,2023-12-05,,2023-12-04,2023-12-06
2023-12-06__23,2023-12-06,filename_or_banner,2023-2024,23,,yes,yes,ok,2023-12-06,,2023-12-05,2023-12-07
2023-12-07__24,2023-12-07,filename_or_banner,2023-2024,24,,yes,yes,ok,2023-12-07,,2023-12-06,2023-12-08
2023-12-08__25,2023-12-08,filename_or_banner,2023-2024,25,,yes,yes,ok,2023-12-08,,2023-12-07,2023-12-09
2023-12-09__26,2023-12-09,filename_or_banner,2023-2024,26,,yes,yes,ok,2023-12-09,,2023-12-08,2023-12-10
2023-12-10__27,2023-12-10,filename_or_banner,2023-2024,27,,yes,yes,ok,2023-12-10,,2023-12-09,2023-12-26
2023-12-26__28,2023-12-26,filename_or_banner,2023-2024,28,,yes,yes,ok,2023-12-26,,2023-12-10,2024-01-23
2024-01-16__N29,2024-01-16,multiday_first_day_min,2023-2024,,,,yes,ok_unverifiable,2024-01-16,,,
2024-01-23__30,2024-01-23,filename_or_banner,2023-2024,30,,yes,yes,ok,2024-01-23,,2023-12-26,2024-01-30
2024-01-30__31,2024-01-30,filename_or_banner,2023-2024,31,,yes,yes,ok,2024-01-30,,2024-01-23,2024-02-27
2024-02-06__N32,2024-02-06,multiday_first_day_min,2023-2024,,,,yes,ok_unverifiable,2024-02-06,,,
2024-02-13__N33,2024-02-13,multiday_first_day_min,2023-2024,,,,yes,ok_unverifiable,2024-02-13,,,
2024-02-20__N34,2024-02-20,multiday_first_day_min,2023-2024,,,,yes,ok_unverifiable,2024-02-20,,,
2024-02-27__35,2024-02-27,filename_or_banner,2023-2024,35,,yes,yes,ok,2024-02-27,,2024-01-30,2024-03-06
2024-03-06__36,2024-03-06,filename_or_banner,2023-2024,36,,yes,yes,ok,2024-03-06,,2024-02-27,2024-03-27
2024-03-27__37,2024-03-27,filename_or_banner,2023-2024,37,,yes,yes,ok,2024-03-27,,2024-03-06,2024-05-07
2024-05-07__38,2024-05-07,filename_or_banner,2023-2024,38,,yes,yes,ok,2024-05-07,,2024-03-27,2024-05-29
2024-05-20__N39,2024-05-20,multiday_first_day_min,2023-2024,,,,yes,ok_unverifiable,2024-05-20,,,
2024-05-29__40,2024-05-29,filename_or_banner,2023-2024,40,,yes,yes,ok,2024-05-29,,2024-05-07,2024-06-12
2024-06-04__N41,2024-06-04,multiday_first_day_min,2023-2024,,,,yes,ok_unverifiable,2024-06-04,,,
2024-06-12__42,2024-06-12,filename_or_banner,2023-2024,42,,yes,yes,ok,2024-06-12,,2024-05-29,2024-07-23
2024-06-21__N43,2024-06-21,multiday_first_day_min,2023-2024,,,,yes,ok_unverifiable,2024-06-21,,,
2024-06-25__N44,2024-06-25,multiday_first_day_min,2023-2024,,,,yes,ok_unverifiable,2024-06-25,,,
2024-07-02__N45,2024-07-02,multiday_first_day_min,2023-2024,,,,yes,ok_unverifiable,2024-07-02,,,
2024-07-06__N46,2024-07-06,multiday_first_day_min,2023-2024,,,,yes,ok_unverifiable,2024-07-06,,,
2024-07-16__N47,2024-07-16,multiday_first_day_min,2023-2024,,,,yes,ok_unverifiable,2024-07-16,,,
2024-07-23__48,2024-07-23,filename_or_banner,2023-2024,48,,yes,yes,ok,2024-07-23,,2024-06-12,
2024-07-30__N49,2024-07-30,multiday_first_day_min,2023-2024,,,,yes,ok_unverifiable,2024-07-30,,,
2024-09-27__Session_Ordinaire,2024-09-27,filename,2024-2025,,,,yes,ok_unverifiable,2024-09-27,,,
2024-10-29__01,2024-10-29,filename,2024-2025,1,,yes,yes,ok,2024-10-29,,,2024-11-08
2024-11-08__02,2024-11-08,filename_or_banner,2024-2025,2,,yes,yes,ok,2024-11-08,,2024-10-29,2024-11-09
2024-11-09__03,2024-11-09,filename,2024-2025,3,,yes,yes,ok,2024-11-09,,2024-11-08,2024-11-11
2024-11-11__04,2024-11-11,filename,2024-2025,4,,yes,yes,ok,2024-11-11,,2024-11-09,2024-11-11
2024-11-11__05,2024-11-11,filename,2024-2025,5,,yes,yes,ok,2024-11-11,,2024-11-11,2024-11-12
2024-11-12__06,2024-11-12,filename_or_banner,2024-2025,6,,yes,yes,ok,2024-11-12,,2024-11-11,2024-11-13
2024-11-13__07,2024-11-13,filename_or_banner,2024-2025,7,,yes,yes,ok,2024-11-13,,2024-11-12,2024-11-14
2024-11-14__08,2024-11-14,filename,2024-2025,8,,yes,yes,ok,2024-11-14,,2024-11-13,2024-11-15
2024-11-15__09,2024-11-15,filename,2024-2025,9,,yes,yes,ok,2024-11-15,,2024-11-14,2024-11-16
2024-11-16__10,2024-11-16,filename,2024-2025,10,,yes,yes,ok,2024-11-16,,2024-11-15,2024-11-17
2024-11-17__11,2024-11-17,filename,2024-2025,11,,yes,yes,ok,2024-11-17,,2024-11-16,2024-11-18
2024-11-18__12,2024-11-18,filename,2024-2025,12,,yes,yes,ok,2024-11-18,,2024-11-17,2024-11-19
2024-11-19__13,2024-11-19,filename,2024-2025,13,,yes,yes,ok,2024-11-19,,2024-11-18,2024-11-20
2024-11-20__14,2024-11-20,filename,2024-2025,14,,yes,yes,ok,2024-11-20,,2024-11-19,2024-11-21
2024-11-21__15,2024-11-21,filename,2024-2025,15,,yes,yes,ok,2024-11-21,,2024-11-20,2024-11-25
2024-11-25__17,2024-11-25,filename,2024-2025,17,,yes,yes,ok,2024-11-25,,2024-11-21,2024-11-26
2024-11-26__18,2024-11-26,filename,2024-2025,18,,yes,yes,ok,2024-11-26,,2024-11-25,2024-11-27
2024-11-27__19,2024-11-27,filename,2024-2025,19,,yes,yes,ok,2024-11-27,,2024-11-26,2024-11-28
2024-11-28__20,2024-11-28,filename,2024-2025,20,,yes,yes,ok,2024-11-28,,2024-11-27,2024-11-29
2024-11-29__21,2024-11-29,filename,2024-2025,21,,yes,yes,ok,2024-11-29,,2024-11-28,2024-11-30
2024-11-30__22,2024-11-30,filename,2024-2025,22,,yes,yes,ok,2024-11-30,,2024-11-29,2024-12-01
2024-12-01__23,2024-12-01,filename,2024-2025,23,,yes,yes,ok,2024-12-01,,2024-11-30,2024-12-02
2024-12-02__24,2024-12-02,filename,2024-2025,24,,yes,yes,ok,2024-12-02,,2024-12-01,2024-12-03
2024-12-03__25,2024-12-03,filename,2024-2025,25,,yes,yes,ok,2024-12-03,,2024-12-02,2024-12-09
2024-12-09__27,2024-12-09,filename,2024-2025,27,,yes,yes,ok,2024-12-09,,2024-12-03,2024-12-09
2024-12-09__28,2024-12-09,filename,2024-2025,28,,yes,yes,ok,2024-12-09,,2024-12-09,2024-12-20
2024-12-20__29,2024-12-20,filename,2024-2025,29,,yes,yes,ok,2024-12-20,,2024-12-09,2024-12-31
2024-12-25__N30,2024-12-25,multiday_first_day_min,2024-2025,,,,yes,ok_unverifiable,2024-12-25,,,
2024-12-31__31,2024-12-31,filename,2024-2025,31,,yes,yes,ok,2024-12-31,,2024-12-20,
2025-01-07__N32,2025-01-07,multiday_first_day_min,2024-2025,,,,yes,ok_unverifiable,2025-01-07,,,
2025-06-20__26,2025-06-20,filename_or_banner,2024-2025,26,,no,yes,soft:seq_break,2025-06-20,,2024-12-03,2024-12-09
